1,thumbs/back.1.gif,thumbs/front.1.gif
2,thumbs/back.2.gif,thumbs/front.2.gif
3,thumbs/back.3.gif,thumbs/front.3.gif
4,thumbs/back.4.gif,thumbs/front.4.gif
5,thumbs/back.5.gif,thumbs/front.5.gif
6,thumbs/back.6.gif,thumbs/front.6.gif
7,thumbs/back.7.gif,thumbs/front.7.gif
8,thumbs/back.8.gif,thumbs/front.8.gif
9,thumbs/back.9.gif,thumbs/front.9.gif
10,thumbs/back.10.gif,thumbs/front.10.gif
11,thumbs/back.11.gif,thumbs/front.11.gif
12,thumbs/back.12.gif,thumbs/front.12.gif
13,thumbs/back.13.gif,thumbs/front.13.gif
14,thumbs/back.14.gif,thumbs/front.14.gif
15,thumbs/back.15.gif,thumbs/front.15.gif
16,thumbs/back.16.gif,thumbs/front.16.gif
17,thumbs/back.17.gif,thumbs/front.17.gif
18,thumbs/back.18.gif,thumbs/front.18.gif
19,thumbs/back.19.gif,thumbs/front.19.gif
20,thumbs/back.20.gif,thumbs/front.20.gif
21,thumbs/back.21.gif,thumbs/front.21.gif
22,thumbs/back.22.gif,thumbs/front.22.gif
23,thumbs/back.23.gif,thumbs/front.23.gif
24,thumbs/back.24.gif,thumbs/front.24.gif
25,thumbs/back.25.gif,thumbs/front.25.gif
26,thumbs/back.26.gif,thumbs/front.26.gif
27,thumbs/back.27.gif,thumbs/front.27.gif
28,thumbs/back.28.gif,thumbs/front.28.gif
29,thumbs/back.29.gif,thumbs/front.29.gif
30,thumbs/back.30.gif,thumbs/front.30.gif
31,thumbs/back.31.gif,thumbs/front.31.gif
32,thumbs/back.32.gif,thumbs/front.32.gif
33,thumbs/back.33.gif,thumbs/front.33.gif
34,thumbs/back.34.gif,thumbs/front.34.gif
35,thumbs/back.35.gif,thumbs/front.35.gif
36,thumbs/back.36.gif,thumbs/front.36.gif
37,thumbs/back.37.gif,thumbs/front.37.gif
38,thumbs/back.38.gif,thumbs/front.38.gif
39,thumbs/back.39.gif,thumbs/front.39.gif
40,thumbs/back.40.gif,thumbs/front.40.gif
41,thumbs/back.41.gif,thumbs/front.41.gif
42,thumbs/back.42.gif,thumbs/front.42.gif
43,thumbs/back.43.gif,thumbs/front.43.gif
44,thumbs/back.44.gif,thumbs/front.44.gif
45,thumbs/back.45.gif,thumbs/front.45.gif
46,thumbs/back.46.gif,thumbs/front.46.gif
47,thumbs/back.47.gif,thumbs/front.47.gif
48,thumbs/back.48.gif,thumbs/front.48.gif
49,thumbs/back.49.gif,thumbs/front.49.gif
50,thumbs/back.50.gif,thumbs/front.50.gif
51,thumbs/back.51.gif,thumbs/front.51.gif
52,thumbs/back.52.gif,thumbs/front.52.gif
53,thumbs/back.53.gif,thumbs/front.53.gif
54,thumbs/back.54.gif,thumbs/front.54.gif
55,thumbs/back.55.gif,thumbs/front.55.gif
56,thumbs/back.56.gif,thumbs/front.56.gif
57,thumbs/back.57.gif,thumbs/front.57.gif
58,thumbs/back.58.gif,thumbs/front.58.gif
59,thumbs/back.59.gif,thumbs/front.59.gif
60,thumbs/back.60.gif,thumbs/front.60.gif
61,thumbs/back.61.gif,thumbs/front.61.gif
62,thumbs/back.62.gif,thumbs/front.62.gif
63,thumbs/back.63.gif,thumbs/front.63.gif
64,thumbs/back.64.gif,thumbs/front.64.gif
65,thumbs/back.65.gif,thumbs/front.65.gif
66,thumbs/back.66.gif,thumbs/front.66.gif
67,thumbs/back.67.gif,thumbs/front.67.gif
68,thumbs/back.68.gif,thumbs/front.68.gif
69,thumbs/back.69.gif,thumbs/front.69.gif
70,thumbs/back.70.gif,thumbs/front.70.gif
71,thumbs/back.71.gif,thumbs/front.71.gif
72,thumbs/back.72.gif,thumbs/front.72.gif
73,thumbs/back.73.gif,thumbs/front.73.gif
74,thumbs/back.74.gif,thumbs/front.74.gif
75,thumbs/back.75.gif,thumbs/front.75.gif
76,thumbs/back.76.gif,thumbs/front.76.gif
77,thumbs/back.77.gif,thumbs/front.77.gif
78,thumbs/back.78.gif,thumbs/front.78.gif
79,thumbs/back.79.gif,thumbs/front.79.gif
80,thumbs/back.80.gif,thumbs/front.80.gif
81,thumbs/back.81.gif,thumbs/front.81.gif
82,thumbs/back.82.gif,thumbs/front.82.gif
83,thumbs/back.83.gif,thumbs/front.83.gif
84,thumbs/back.84.gif,thumbs/front.84.gif
85,thumbs/back.85.gif,thumbs/front.85.gif
86,thumbs/back.86.gif,thumbs/front.86.gif
87,thumbs/back.87.gif,thumbs/front.87.gif
88,thumbs/back.88.gif,thumbs/front.88.gif
89,thumbs/back.89.gif,thumbs/front.89.gif
90,thumbs/back.90.gif,thumbs/front.90.gif
91,thumbs/back.91.gif,thumbs/front.91.gif
92,thumbs/back.92.gif,thumbs/front.92.gif
93,thumbs/back.93.gif,thumbs/front.93.gif
94,thumbs/back.94.gif,thumbs/front.94.gif
95,thumbs/back.95.gif,thumbs/front.95.gif
96,thumbs/back.96.gif,thumbs/front.96.gif
97,thumbs/back.97.gif,thumbs/front.97.gif
98,thumbs/back.98.gif,thumbs/front.98.gif
99,thumbs/back.99.gif,thumbs/front.99.gif
100,thumbs/back.100.gif,thumbs/front.100.gif
